{"cameraMode":{"drawMode":0,"name":"Shaded","section":"Shading Mode"},"sceneLighting":false,"audioPlay":false,"sceneViewState":{"showFog":true,"showMaterialUpdate":false,"showSkybox":false,"showFlares":true,"showImageEffects":true,"showParticleSystems":true},"in2DMode":false,"pivot":{"x":6.068031311035156,"y":0.7090203762054443,"z":-3.6090214252471926},"rotation":{"x":-0.034655287861824039,"y":-0.7685959935188294,"z":0.041782256215810779,"w":-0.6374495625495911},"size":4.251452445983887,"orthographic":false}