{"cameraMode":{"drawMode":0,"name":"Shaded","section":"Shading Mode"},"sceneLighting":true,"audioPlay":false,"sceneViewState":{"showFog":true,"showMaterialUpdate":false,"showSkybox":true,"showFlares":true,"showImageEffects":true,"showParticleSystems":true},"in2DMode":false,"pivot":{"x":-50.526615142822269,"y":-0.2786092460155487,"z":0.002971644513309002},"rotation":{"x":-0.35115277767181399,"y":-0.0064632100984454159,"z":0.0024238075129687788,"w":-0.936296284198761},"size":10.0,"orthographic":false}