{"cameraMode":{"drawMode":0,"name":"Shaded","section":"Shading Mode"},"sceneLighting":true,"audioPlay":false,"sceneViewState":{"showFog":true,"showMaterialUpdate":false,"showSkybox":true,"showFlares":true,"showImageEffects":true,"showParticleSystems":true},"in2DMode":false,"pivot":{"x":12.811627388000489,"y":1.171008825302124,"z":2.801161527633667},"rotation":{"x":-0.22320136427879334,"y":0.5290124416351318,"z":-0.14658625423908235,"w":-0.8055183291435242},"size":5.116470813751221,"orthographic":false}