{"cameraMode":{"drawMode":0,"name":"Shaded","section":"Shading Mode"},"sceneLighting":false,"audioPlay":false,"sceneViewState":{"showFog":true,"showMaterialUpdate":false,"showSkybox":false,"showFlares":true,"showImageEffects":true,"showParticleSystems":true},"in2DMode":false,"pivot":{"x":23.02016830444336,"y":1.2790502309799195,"z":-25.990968704223634},"rotation":{"x":-0.35115277767181399,"y":-0.0064632100984454159,"z":0.0024238075129687788,"w":-0.936296284198761},"size":5.139740943908691,"orthographic":false}