{"cameraMode":{"drawMode":0,"name":"Shaded","section":"Shading Mode"},"sceneLighting":false,"audioPlay":false,"sceneViewState":{"showFog":true,"showMaterialUpdate":false,"showSkybox":false,"showFlares":true,"showImageEffects":true,"showParticleSystems":true},"in2DMode":false,"pivot":{"x":15.551355361938477,"y":0.0,"z":-31.689306259155275},"rotation":{"x":0.5896369218826294,"y":-0.0027285844553261997,"z":0.004026551265269518,"w":0.8081992268562317},"size":2.0289416313171388,"orthographic":false}