{"cameraMode":{"drawMode":0,"name":"Shaded","section":"Shading Mode"},"sceneLighting":true,"audioPlay":false,"sceneViewState":{"showFog":true,"showMaterialUpdate":false,"showSkybox":true,"showFlares":true,"showImageEffects":true,"showParticleSystems":true},"in2DMode":false,"pivot":{"x":18.2114315032959,"y":-137.2631378173828,"z":51.821292877197269},"rotation":{"x":0.5648908615112305,"y":-0.004956357646733522,"z":0.0033916826359927656,"w":0.8251501321792603},"size":155.69561767578126,"orthographic":false}