{"cameraMode":{"drawMode":0,"name":"Shaded","section":"Shading Mode"},"sceneLighting":true,"audioPlay":false,"sceneViewState":{"showFog":true,"showMaterialUpdate":false,"showSkybox":true,"showFlares":true,"showImageEffects":true,"showParticleSystems":true},"in2DMode":false,"pivot":{"x":14.972800254821778,"y":104.60897064208985,"z":-24.018400192260743},"rotation":{"x":0.6796517372131348,"y":-0.005505010485649109,"z":0.005102044437080622,"w":0.7335028648376465},"size":46.96552658081055,"orthographic":false}