{"cameraMode":{"drawMode":0,"name":"Shaded","section":"Shading Mode"},"sceneLighting":true,"audioPlay":false,"sceneViewState":{"showFog":true,"showMaterialUpdate":false,"showSkybox":true,"showFlares":true,"showImageEffects":true,"showParticleSystems":true},"in2DMode":false,"pivot":{"x":255.40609741210938,"y":279.0983581542969,"z":-336.9774169921875},"rotation":{"x":-0.02667415514588356,"y":0.02098136954009533,"z":0.0010301755974069238,"w":0.9995728135108948},"size":4.641658782958984,"orthographic":false}