{"cameraMode":{"drawMode":0,"name":"Shaded","section":"Shading Mode"},"sceneLighting":true,"audioPlay":false,"sceneViewState":{"showFog":true,"showMaterialUpdate":false,"showSkybox":true,"showFlares":true,"showImageEffects":true,"showParticleSystems":true},"in2DMode":false,"pivot":{"x":-66.76237487792969,"y":-1327.5816650390625,"z":1151.22998046875},"rotation":{"x":0.41619187593460085,"y":-0.014990897849202156,"z":0.006907825358211994,"w":0.9091423153877258},"size":1815.449951171875,"orthographic":false}