{"cameraMode":{"drawMode":0,"name":"Shaded","section":"Shading Mode"},"sceneLighting":true,"audioPlay":false,"sceneViewState":{"showFog":true,"showMaterialUpdate":false,"showSkybox":true,"showFlares":true,"showImageEffects":true,"showParticleSystems":true},"in2DMode":false,"pivot":{"x":-6.34904670715332,"y":1.305769443511963,"z":-9.951292991638184},"rotation":{"x":0.27993059158325198,"y":-0.025911057367920877,"z":0.007602676283568144,"w":0.9597094655036926},"size":4.740026473999023,"orthographic":false}