{"cameraMode":{"drawMode":0,"name":"Shaded","section":"Shading Mode"},"sceneLighting":true,"audioPlay":false,"sceneViewState":{"showFog":true,"showMaterialUpdate":false,"showSkybox":true,"showFlares":true,"showImageEffects":true,"showParticleSystems":true},"in2DMode":false,"pivot":{"x":461.18450927734377,"y":307.5766296386719,"z":-379.4127502441406},"rotation":{"x":0.07074128836393357,"y":0.016452403739094735,"z":-0.0011662922333925963,"w":0.9973612427711487},"size":281.1810302734375,"orthographic":false}