{"cameraMode":{"drawMode":0,"name":"Shaded","section":"Shading Mode"},"sceneLighting":true,"audioPlay":false,"sceneViewState":{"showFog":true,"showMaterialUpdate":false,"showSkybox":true,"showFlares":true,"showImageEffects":true,"showParticleSystems":true},"in2DMode":false,"pivot":{"x":1.907273530960083,"y":-6.23637580871582,"z":24.332759857177736},"rotation":{"x":0.10839797556400299,"y":0.28506743907928469,"z":-0.03246547654271126,"w":0.9518051147460938},"size":42.629512786865237,"orthographic":false}