{"cameraMode":{"drawMode":0,"name":"Shaded","section":"Shading Mode"},"sceneLighting":true,"audioPlay":false,"sceneViewState":{"showFog":true,"showMaterialUpdate":false,"showSkybox":true,"showFlares":true,"showImageEffects":true,"showParticleSystems":true},"in2DMode":false,"pivot":{"x":1035.1737060546875,"y":67.67916870117188,"z":-224.26202392578126},"rotation":{"x":-0.032682210206985477,"y":0.013488270342350006,"z":0.00043927793740294874,"w":0.9993734359741211},"size":11.667262077331543,"orthographic":false}