{"cameraMode":{"drawMode":0,"name":"Shaded","section":"Shading Mode"},"sceneLighting":true,"audioPlay":false,"sceneViewState":{"showFog":true,"showMaterialUpdate":false,"showSkybox":true,"showFlares":true,"showImageEffects":true,"showParticleSystems":true},"in2DMode":false,"pivot":{"x":-58.064720153808597,"y":0.24913637340068818,"z":-11.346476554870606},"rotation":{"x":0.4717150628566742,"y":0.2264295220375061,"z":-0.126750186085701,"w":0.842703640460968},"size":0.7521075010299683,"orthographic":false}