{"cameraMode":{"drawMode":0,"name":"Shaded","section":"Shading Mode"},"sceneLighting":false,"audioPlay":false,"sceneViewState":{"showFog":true,"showMaterialUpdate":false,"showSkybox":false,"showFlares":true,"showImageEffects":true,"showParticleSystems":true},"in2DMode":false,"pivot":{"x":-0.2821018099784851,"y":1.0628286600112916,"z":-0.5315578579902649},"rotation":{"x":0.49849337339401247,"y":0.5011798143386841,"z":-0.5127517580986023,"w":0.4872458875179291},"size":1.2394657135009766,"orthographic":false}