{"cameraMode":{"drawMode":0,"name":"Shaded","section":"Shading Mode"},"sceneLighting":true,"audioPlay":false,"sceneViewState":{"showFog":true,"showMaterialUpdate":false,"showSkybox":true,"showFlares":true,"showImageEffects":true,"showParticleSystems":true},"in2DMode":false,"pivot":{"x":25.153518676757814,"y":3.174142599105835,"z":-16.939685821533204},"rotation":{"x":-0.012391665950417519,"y":-0.8132818937301636,"z":0.01733349822461605,"w":-0.5814793705940247},"size":-3.142115592956543,"orthographic":false}