{"cameraMode":{"drawMode":0,"name":"Shaded","section":"Shading Mode"},"sceneLighting":true,"audioPlay":false,"sceneViewState":{"showFog":true,"showMaterialUpdate":false,"showSkybox":true,"showFlares":true,"showImageEffects":true,"showParticleSystems":true},"in2DMode":false,"pivot":{"x":5.210452556610107,"y":-10.372583389282227,"z":-10.089750289916993},"rotation":{"x":0.516915500164032,"y":-0.012844394892454148,"z":0.00775474077090621,"w":0.8559106588363648},"size":16.46226692199707,"orthographic":false}