{"cameraMode":{"drawMode":0,"name":"Shaded","section":"Shading Mode"},"sceneLighting":true,"audioPlay":false,"sceneViewState":{"showFog":true,"showMaterialUpdate":false,"showSkybox":true,"showFlares":true,"showImageEffects":true,"showParticleSystems":true},"in2DMode":false,"pivot":{"x":14.956768989562989,"y":4.530621528625488,"z":-34.690643310546878},"rotation":{"x":0.39789631962776186,"y":-0.2023586630821228,"z":0.09043963998556137,"w":0.8902586102485657},"size":0.5807592272758484,"orthographic":false}