{"cameraMode":{"drawMode":0,"name":"Shaded","section":"Shading Mode"},"sceneLighting":true,"audioPlay":false,"sceneViewState":{"showFog":true,"showMaterialUpdate":false,"showSkybox":true,"showFlares":true,"showImageEffects":true,"showParticleSystems":true},"in2DMode":false,"pivot":{"x":18.644752502441408,"y":54.12455368041992,"z":6.485025405883789},"rotation":{"x":0.7269697785377502,"y":0.0010300244903191925,"z":-0.001089930534362793,"w":0.6866702437400818},"size":20.96745491027832,"orthographic":false}