{"cameraMode":{"drawMode":0,"name":"Shaded","section":"Shading Mode"},"sceneLighting":false,"audioPlay":false,"sceneViewState":{"showFog":true,"showMaterialUpdate":false,"showSkybox":false,"showFlares":true,"showImageEffects":true,"showParticleSystems":true},"in2DMode":false,"pivot":{"x":0.5899999737739563,"y":0.5590000152587891,"z":-17.291000366210939},"rotation":{"x":-0.36373573541641238,"y":0.015919800847768785,"z":-0.006231463979929686,"w":-0.9314131736755371},"size":0.8083080649375916,"orthographic":false}