{"cameraMode":{"drawMode":0,"name":"Shaded","section":"Shading Mode"},"sceneLighting":false,"audioPlay":false,"sceneViewState":{"showFog":true,"showMaterialUpdate":false,"showSkybox":false,"showFlares":true,"showImageEffects":true,"showParticleSystems":true},"in2DMode":false,"pivot":{"x":28.756427764892579,"y":15.238531112670899,"z":-17.914125442504884},"rotation":{"x":-0.44996601343154909,"y":-0.018238645046949388,"z":0.009148972108960152,"w":-0.8928653001785278},"size":1.8447567224502564,"orthographic":false}