{"cameraMode":{"drawMode":0,"name":"Shaded","section":"Shading Mode"},"sceneLighting":false,"audioPlay":false,"sceneViewState":{"showFog":true,"showMaterialUpdate":false,"showSkybox":false,"showFlares":true,"showImageEffects":true,"showParticleSystems":true},"in2DMode":false,"pivot":{"x":1.3264814615249634,"y":0.40700000524520876,"z":-17.02899932861328},"rotation":{"x":-0.4727453291416168,"y":-0.0009457797277718782,"z":0.00014750943228136748,"w":-0.8814095854759216},"size":0.8083080649375916,"orthographic":false}