{"cameraMode":{"drawMode":0,"name":"Shaded","section":"Shading Mode"},"sceneLighting":false,"audioPlay":false,"sceneViewState":{"showFog":true,"showMaterialUpdate":false,"showSkybox":false,"showFlares":true,"showImageEffects":true,"showParticleSystems":true},"in2DMode":false,"pivot":{"x":-0.026363514363765718,"y":0.0877249464392662,"z":0.08799134194850922},"rotation":{"x":-0.11120006442070008,"y":0.5478485822677612,"z":-0.07374777644872666,"w":-0.8260456919670105},"size":0.4155280590057373,"orthographic":false}