{"cameraMode":{"drawMode":0,"name":"Shaded","section":"Shading Mode"},"sceneLighting":false,"audioPlay":false,"sceneViewState":{"showFog":true,"showMaterialUpdate":false,"showSkybox":false,"showFlares":true,"showImageEffects":true,"showParticleSystems":true},"in2DMode":false,"pivot":{"x":0.6017268300056458,"y":-0.0561160109937191,"z":-0.11918704211711884},"rotation":{"x":-0.09735970199108124,"y":-0.7787265777587891,"z":0.12531527876853944,"w":-0.6074587106704712},"size":1.852949857711792,"orthographic":false}