{"cameraMode":{"drawMode":0,"name":"Shaded","section":"Shading Mode"},"sceneLighting":false,"audioPlay":false,"sceneViewState":{"showFog":true,"showMaterialUpdate":false,"showSkybox":false,"showFlares":true,"showImageEffects":true,"showParticleSystems":true},"in2DMode":false,"pivot":{"x":-0.49049368500709536,"y":1.9689396619796754,"z":-3.4604640007019045},"rotation":{"x":0.13780103623867036,"y":-0.03237563744187355,"z":0.00448737433180213,"w":0.9899518489837647},"size":0.38969284296035769,"orthographic":false}