{"cameraMode":{"drawMode":0,"name":"Shaded","section":"Shading Mode"},"sceneLighting":false,"audioPlay":false,"sceneViewState":{"showFog":true,"showMaterialUpdate":false,"showSkybox":false,"showFlares":true,"showImageEffects":true,"showParticleSystems":true},"in2DMode":false,"pivot":{"x":-0.20686085522174836,"y":3.7013611793518068,"z":-1.1072607040405274},"rotation":{"x":-0.534538209438324,"y":-0.030856316909193994,"z":0.02549387514591217,"w":-0.8448370695114136},"size":2.8578836917877199,"orthographic":false}