{"cameraMode":{"drawMode":0,"name":"Shaded","section":"Shading Mode"},"sceneLighting":false,"audioPlay":false,"sceneViewState":{"showFog":true,"showMaterialUpdate":false,"showSkybox":false,"showFlares":true,"showImageEffects":true,"showParticleSystems":true},"in2DMode":false,"pivot":{"x":-0.42307084798812868,"y":0.5343825817108154,"z":0.8595286011695862},"rotation":{"x":-0.1231614500284195,"y":0.01783491112291813,"z":0.0031248724553734066,"w":-0.9928317666053772},"size":2.781853199005127,"orthographic":false}