{"cameraMode":{"drawMode":0,"name":"Shaded","section":"Shading Mode"},"sceneLighting":false,"audioPlay":false,"sceneViewState":{"showFog":true,"showMaterialUpdate":false,"showSkybox":false,"showFlares":true,"showImageEffects":true,"showParticleSystems":true},"in2DMode":false,"pivot":{"x":-0.31237536668777468,"y":0.6365296840667725,"z":0.41452962160110476},"rotation":{"x":-0.21357902884483338,"y":-0.6547595858573914,"z":0.21117864549160005,"w":-0.6943815350532532},"size":2.8578836917877199,"orthographic":false}